year,Resolved_appearances,Resolved_events,Unavailable_appearances,Unavailable_events,Unresolved_appearances,Unresolved_events,unresolved_games
1903,0,0,960,1010,0,0,0
1905,0,0,343,364,0,0,0
1906,0,0,438,477,0,0,0
1907,0,0,387,421,0,0,0
1908,276,306,93,101,0,0,0
1909,0,0,529,583,0,0,0
1910,402,439,94635,104041,0,0,0
1911,466,512,95524,105437,0,0,0
1912,752,818,94691,104657,0,0,0
1913,411,455,94142,105267,0,0,0
1914,314,340,141711,157921,0,0,0
1915,373,413,140637,155380,0,0,0
1916,403,441,94219,105080,0,0,0
1917,470,517,93977,103398,0,0,0
1918,418,455,77227,83929,0,0,0
1919,645,702,85176,92825,0,0,0
1920,515,585,96062,104200,0,0,0
1921,1340,1434,96785,105185,1,2,1
1922,1143,1248,96543,104906,0,0,0
1923,675,757,96923,105864,0,0,0
1924,1257,1410,96726,105732,2,5,2
1925,898,1065,99182,108650,1,2,1
1926,544,594,97796,107350,0,0,0
1927,439,500,96943,106041,0,0,0
1928,320,361,96311,105093,0,0,0
1929,585,658,96818,105703,0,0,0
1930,865,930,97783,106647,0,0,0
1931,515,567,96722,105040,0,0,0
1932,355,393,97103,105466,0,0,0
1933,407,436,95241,103417,0,0,0
1934,851,936,96398,104714,0,0,0
1935,468,500,103968,112380,0,0,0
1936,1145,1240,107779,116998,0,0,0
1937,457,488,114255,123777,0,0,0
1938,308,347,111625,120638,0,0,0
1939,315,351,107524,117241,0,0,0
1940,73,104,97375,106270,0,0,0
1941,464,526,97031,105709,0,0,0
1942,349,389,95271,103733,0,0,0
1943,362,405,107232,116364,0,0,0
1944,258,299,109284,119197,0,0,0
1945,544,620,98844,107928,0,0,0
1946,138,156,104763,115701,0,0,0
1947,12162,13694,89573,98340,0,0,0
1948,12538,14203,95021,104722,0,0,0
1949,12613,14142,95933,105605,0,0,0
1950,11122,12376,86075,94647,0,0,0
1951,10581,11831,86338,95806,2,5,2
1952,12180,13601,83600,92604,0,0,0
1953,12069,13538,84216,93847,1,3,1
1954,12135,13464,84144,93928,0,0,0
1955,11934,13422,84027,94814,0,0,0
1956,12261,13876,83803,94833,0,0,0
1957,12411,13938,83884,95266,0,0,0
1958,12120,13893,82909,94379,0,0,0
1959,13159,15099,82412,93805,0,0,0
1960,15803,18330,79966,91567,0,0,0
1961,14120,16386,96372,109282,1,2,1
1962,17013,19712,108509,123830,0,0,0
1963,21453,24763,101561,115344,0,0,0
1964,11667,13284,112234,128213,1,3,1
1965,3192,3713,120465,139259,0,0,0
1966,766,858,121672,140359,0,0,0
1967,892,1072,121913,140447,0,0,0
1968,693,825,121062,138548,0,0,0
1969,5942,6827,143647,165254,0,0,0
1970,5949,6844,144767,166956,1,2,1
1971,8822,10037,139402,159340,1,2,1
1972,4302,4956,137412,157017,0,0,0
1973,1713,2017,148924,169178,0,0,0
1974,1218,1408,149104,171334,1,2,1
1975,7369,8622,142852,163576,0,0,0
1976,5823,6824,143310,164259,1,2,1
1977,2499,2957,160916,185297,1,2,1
1978,8009,9248,152921,175680,4,8,4
1979,12183,14210,149882,171828,1,2,1
1980,4127,4869,158801,183498,1,2,1
1981,3704,4337,104962,121686,3,7,2
1982,1768,2005,161014,185833,2,4,2
1983,1099,1315,161035,186570,1,2,1
1984,3917,4624,158198,183970,2,4,2
1985,5489,6410,156891,182103,1,2,1
1986,7966,9315,155129,180933,2,4,2
1987,3656,4314,160324,186993,1,2,1
1988,158548,183939,2605,3085,4,8,4
1989,156825,182275,4820,5735,30,67,28
1990,149215,174331,12706,15191,3,9,3
1991,162745,191813,87,125,5,18,5
1992,162599,190196,65,76,4,11,4
1993,170860,199271,5817,6820,3,8,3
1994,119555,138937,5360,6217,3,11,3
1995,149286,175124,10474,12336,0,0,0
1996,161909,189560,18411,21571,2,4,2
1997,165789,194396,12976,15238,3,7,3
1998,179195,209158,11999,14015,13,26,13
1999,187268,218436,5514,7146,4,10,4
2000,193264,225538,3,7,1,2,1
2001,190170,222059,6,7,6,17,6
2002,189766,221343,3,3,7,15,7
2003,190976,222247,11,14,2,4,2
2004,191808,223454,7,7,0,0,0
2005,189115,220015,2,3,0,0,0
2006,190789,222758,0,0,2,5,2
2007,191260,224422,0,0,0,0,0
2008,190612,223415,5,6,0,0,0
2009,189935,222121,2,3,5,11,5
2010,188403,220649,1,1,0,0,0
2011,188745,221189,3,5,1,2,1
2012,187518,221031,2,2,3,6,3
2013,188104,220707,1,1,1,2,1
2014,186897,219658,1,1,1,2,1
2015,186896,220774,0,0,4,8,4
2016,187677,221633,2,3,2,4,2
2017,188605,222813,0,0,2,4,2
2018,188243,223755,2,2,0,0,0
2019,189736,225533,1,2,0,0,0
2020,70666,84929,0,0,0,0,0
2021,185012,220622,1,1,1,3,1
2022,185541,217667,0,0,0,0,0
2023,187676,221692,0,0,0,0,0
2024,186243,252826,0,0,0,0,0
2025,187105,221337,0,0,0,0,0
