year,games_with_nonempty_pitch_fields,rejected_games,rejected_percent,annotation_only_games,annotation_omission_only_games,annotation_addition_only_games,annotation_mixed_or_relocated_games,token_conflict_games
1908,5,0,0.0,0,0,0,0,0
1910,10,0,0.0,0,0,0,0,0
1911,26,0,0.0,0,0,0,0,0
1912,11,0,0.0,0,0,0,0,0
1913,32,0,0.0,0,0,0,0,0
1914,13,0,0.0,0,0,0,0,0
1915,22,0,0.0,0,0,0,0,0
1916,17,0,0.0,0,0,0,0,0
1917,40,0,0.0,0,0,0,0,0
1918,13,0,0.0,0,0,0,0,0
1919,53,0,0.0,0,0,0,0,0
1920,31,0,0.0,0,0,0,0,0
1921,166,2,1.204819,1,0,1,0,1
1922,204,0,0.0,0,0,0,0,0
1923,258,0,0.0,0,0,0,0,0
1924,293,3,1.023891,0,0,0,0,3
1925,265,1,0.377358,0,0,0,0,1
1926,17,0,0.0,0,0,0,0,0
1927,105,0,0.0,0,0,0,0,0
1928,19,0,0.0,0,0,0,0,0
1929,156,0,0.0,0,0,0,0,0
1930,31,0,0.0,0,0,0,0,0
1931,10,0,0.0,0,0,0,0,0
1932,17,0,0.0,0,0,0,0,0
1933,25,0,0.0,0,0,0,0,0
1934,28,0,0.0,0,0,0,0,0
1935,14,0,0.0,0,0,0,0,0
1936,33,0,0.0,0,0,0,0,0
1937,12,0,0.0,0,0,0,0,0
1938,14,0,0.0,0,0,0,0,0
1939,15,0,0.0,0,0,0,0,0
1940,7,0,0.0,0,0,0,0,0
1941,22,1,4.545455,0,0,0,0,1
1942,17,0,0.0,0,0,0,0,0
1943,9,0,0.0,0,0,0,0,0
1944,11,0,0.0,0,0,0,0,0
1945,15,1,6.666667,1,1,0,0,0
1946,29,0,0.0,0,0,0,0,0
1947,172,1,0.581395,0,0,0,0,1
1948,172,0,0.0,0,0,0,0,0
1949,177,0,0.0,0,0,0,0,0
1950,151,0,0.0,0,0,0,0,0
1951,153,2,1.30719,0,0,0,0,2
1952,178,0,0.0,0,0,0,0,0
1953,169,1,0.591716,0,0,0,0,1
1954,166,0,0.0,0,0,0,0,0
1955,165,0,0.0,0,0,0,0,0
1956,170,0,0.0,0,0,0,0,0
1957,170,0,0.0,0,0,0,0,0
1958,164,0,0.0,0,0,0,0,0
1959,173,0,0.0,0,0,0,0,0
1960,213,2,0.938967,0,0,0,0,2
1961,187,1,0.534759,0,0,0,0,1
1962,230,3,1.304348,2,1,1,0,1
1963,293,0,0.0,0,0,0,0,0
1964,171,1,0.584795,0,0,0,0,1
1965,57,0,0.0,0,0,0,0,0
1966,19,0,0.0,0,0,0,0,0
1967,24,0,0.0,0,0,0,0,0
1968,26,0,0.0,0,0,0,0,0
1969,109,5,4.587156,4,4,0,0,1
1970,98,2,2.040816,1,1,0,0,1
1971,128,1,0.78125,0,0,0,0,1
1972,81,0,0.0,0,0,0,0,0
1973,32,0,0.0,0,0,0,0,0
1974,21,2,9.52381,0,0,0,0,2
1975,99,1,1.010101,0,0,0,0,1
1976,103,1,0.970874,0,0,0,0,1
1977,176,1,0.568182,0,0,0,0,1
1978,231,7,3.030303,2,2,0,0,5
1979,190,2,1.052632,0,0,0,0,2
1980,90,3,3.333333,2,2,0,0,1
1981,76,4,5.263158,0,0,0,0,4
1982,29,3,10.344828,0,0,0,0,3
1983,18,2,11.111111,1,0,1,0,1
1984,69,4,5.797101,1,1,0,0,3
1985,85,2,2.352941,0,0,0,0,2
1986,134,4,2.985075,0,0,0,0,4
1987,72,3,4.166667,1,1,0,0,2
1988,2087,7,0.33541,3,2,1,0,4
1989,2063,37,1.793505,5,2,3,0,32
1990,1959,3,0.153139,0,0,0,0,3
1991,2123,1406,66.227037,1405,1405,0,0,1
1992,2126,1433,67.403575,1430,1430,0,0,3
1993,2222,3,0.135014,0,0,0,0,3
1994,1535,4,0.260586,1,0,1,0,3
1995,1916,1,0.052192,1,1,0,0,0
1996,2072,11,0.530888,8,5,3,0,3
1997,2142,6,0.280112,4,0,3,1,2
1998,2326,25,1.074807,4,4,0,0,21
1999,2429,35,1.440922,0,0,0,0,35
2000,2461,16,0.650142,13,0,13,0,3
2001,2465,16,0.649087,3,0,3,0,13
2002,2461,9,0.365705,0,0,0,0,9
2003,2469,5,0.202511,3,1,2,0,2
2004,2463,1,0.040601,0,0,0,0,1
2005,2462,0,0.0,0,0,0,0,0
2006,2460,4,0.162602,0,0,0,0,4
2007,2460,0,0.0,0,0,0,0,0
2008,2461,1,0.040634,0,0,0,0,1
2009,2461,5,0.203169,0,0,0,0,5
2010,2463,2,0.081202,2,0,1,1,0
2011,2468,3,0.121556,0,0,0,0,3
2012,2468,3,0.121556,0,0,0,0,3
2013,2470,3,0.121457,2,0,1,1,1
2014,2463,4,0.162404,3,3,0,0,1
2015,2466,6,0.243309,2,2,0,0,4
2016,2464,5,0.202922,2,1,1,0,3
2017,2469,3,0.121507,1,1,0,0,2
2018,2465,0,0.0,0,0,0,0,0
2019,2467,0,0.0,0,0,0,0,0
2020,951,0,0.0,0,0,0,0,0
2021,2467,1,0.040535,0,0,0,0,1
2022,2471,0,0.0,0,0,0,0,0
2023,2472,0,0.0,0,0,0,0,0
2024,2473,0,0.0,0,0,0,0,0
2025,2478,0,0.0,0,0,0,0,0
